# Simulation 1 (Up to date),
# 2735 data points written for 2 variables.,
# Simulation warnings:,
#   No recovery device defined in the simulation.,
#,
# Drag coefficient (​),Mach number (​)
# Event SIM_WARN occurred at t=0 seconds: No recovery device defined in the simulation.,
# Event IGNITION occurred at t=0 seconds,
# Event LAUNCH occurred at t=0 seconds,
1.419,0
1.419,4.19E-06
1.419,9.06E-05
0.958,5.13E-04
0.779,0.001
0.726,0.002
0.683,0.002
0.652,0.003
0.628,0.004
0.608,0.004
# Event LIFTOFF occurred at t=0.032 seconds,
0.575,0.006
0.546,0.008
0.531,0.01
0.52,0.011
0.51,0.012
0.506,0.013
0.499,0.014
0.49,0.016
0.483,0.018
0.478,0.019
0.471,0.021
0.466,0.023
0.464,0.024
0.462,0.024
0.459,0.025
0.456,0.027
0.452,0.029
0.447,0.031
0.443,0.033
0.438,0.036
0.438,0.038
0.438,0.04
0.438,0.042
0.438,0.044
0.438,0.045
0.438,0.046
0.438,0.048
0.438,0.051
0.438,0.054
0.438,0.054
0.438,0.055
0.438,0.057
0.438,0.06
0.438,0.062
0.438,0.065
0.438,0.068
0.438,0.071
0.438,0.073
0.438,0.076
0.438,0.077
0.438,0.078
0.438,0.08
0.438,0.083
0.439,0.086
0.439,0.089
# Event LAUNCHROD occurred at t=0.346 seconds,
0.439,0.09
0.439,0.093
0.439,0.097
0.439,0.101
0.439,0.106
0.439,0.109
0.439,0.112
0.439,0.113
0.439,0.114
0.439,0.116
0.439,0.116
0.439,0.117
0.439,0.118
0.44,0.119
0.44,0.121
0.44,0.122
0.44,0.124
0.44,0.125
0.44,0.126
0.44,0.128
0.44,0.13
0.44,0.131
0.44,0.133
0.44,0.134
0.44,0.136
0.44,0.137
0.44,0.138
0.44,0.141
0.44,0.144
0.441,0.148
0.441,0.153
0.441,0.159
0.441,0.163
0.442,0.167
0.442,0.17
0.442,0.175
0.442,0.176
0.442,0.179
0.442,0.183
0.443,0.188
0.443,0.19
0.443,0.193
0.443,0.198
0.444,0.205
0.444,0.214
0.445,0.225
0.446,0.238
0.447,0.25
0.448,0.262
0.449,0.278
0.45,0.291
0.451,0.301
0.452,0.312
0.453,0.326
0.454,0.335
0.456,0.348
0.457,0.359
0.458,0.37
0.459,0.38
0.46,0.391
0.462,0.403
0.463,0.413
0.464,0.42
0.465,0.424
0.465,0.429
0.466,0.431
0.466,0.434
0.467,0.438
0.467,0.44
0.467,0.443
0.468,0.447
0.468,0.449
0.469,0.453
0.47,0.458
0.47,0.461
0.471,0.467
0.472,0.475
0.472,0.476
0.473,0.479
0.473,0.482
0.474,0.488
0.475,0.491
0.475,0.495
0.477,0.503
0.477,0.504
0.477,0.507
0.478,0.511
0.479,0.517
0.479,0.518
0.48,0.521
0.48,0.524
0.481,0.529
0.482,0.531
0.482,0.535
0.483,0.541
0.485,0.547
0.486,0.556
0.488,0.564
0.49,0.575
0.49,0.576
0.491,0.577
0.491,0.58
0.492,0.583
0.493,0.587
0.494,0.594
0.495,0.598
0.497,0.604
0.498,0.609
0.499,0.615
0.5,0.621
0.502,0.627
0.504,0.635
0.506,0.644
0.509,0.656
0.512,0.668
0.515,0.677
0.517,0.684
0.517,0.686
0.518,0.686
0.518,0.687
0.518,0.689
0.519,0.69
0.519,0.692
0.52,0.693
0.52,0.695
0.521,0.697
0.521,0.697
0.521,0.698
0.521,0.699
0.522,0.7
0.522,0.7
0.522,0.701
0.522,0.701
0.522,0.702
0.522,0.703
0.523,0.703
0.523,0.704
0.523,0.705
0.523,0.705
0.524,0.706
0.524,0.707
0.524,0.708
0.524,0.708
0.524,0.709
0.525,0.709
0.525,0.71
0.525,0.71
0.525,0.711
0.525,0.711
0.525,0.711
0.525,0.712
0.526,0.713
0.526,0.714
0.526,0.714
0.526,0.715
0.526,0.715
0.527,0.716
0.527,0.717
0.527,0.717
0.527,0.718
0.528,0.719
0.528,0.72
0.528,0.72
0.528,0.72
0.528,0.721
0.529,0.722
0.529,0.723
0.529,0.723
0.53,0.725
0.53,0.726
0.531,0.728
0.531,0.73
0.532,0.732
0.533,0.733
0.533,0.736
0.534,0.738
0.535,0.74
0.535,0.741
0.536,0.743
0.536,0.744
0.537,0.745
0.537,0.746
0.537,0.747
0.538,0.748
0.538,0.749
0.539,0.751
0.539,0.751
0.539,0.752
0.54,0.753
0.54,0.754
0.54,0.755
0.54,0.755
0.541,0.755
0.541,0.756
0.541,0.756
0.541,0.757
0.541,0.757
0.541,0.757
0.541,0.758
0.542,0.758
0.542,0.759
0.542,0.76
0.543,0.762
0.544,0.765
0.545,0.767
0.546,0.77
0.547,0.773
0.548,0.775
0.549,0.777
0.55,0.779
0.55,0.78
0.551,0.781
0.551,0.781
0.551,0.782
0.551,0.782
0.552,0.783
0.552,0.783
0.552,0.783
0.552,0.784
0.552,0.784
0.552,0.784
0.552,0.785
0.553,0.785
0.553,0.785
0.553,0.786
0.553,0.786
0.553,0.786
0.553,0.786
0.553,0.786
0.553,0.786
0.553,0.786
0.553,0.786
0.553,0.786
0.553,0.785
0.553,0.785
0.553,0.785
0.552,0.785
0.552,0.784
0.552,0.784
0.552,0.784
0.552,0.783
0.552,0.783
0.552,0.783
0.551,0.782
0.551,0.782
0.551,0.782
0.551,0.782
0.551,0.781
0.551,0.781
0.551,0.781
0.551,0.781
0.551,0.781
0.551,0.781
0.551,0.781
0.551,0.78
0.551,0.78
0.55,0.78
0.55,0.78
0.55,0.78
0.55,0.779
0.55,0.779
0.55,0.779
0.55,0.779
0.55,0.778
0.55,0.778
0.549,0.778
0.549,0.777
0.549,0.777
0.549,0.777
0.549,0.776
0.549,0.776
0.549,0.776
0.548,0.775
0.548,0.775
0.548,0.774
0.547,0.773
0.547,0.772
0.547,0.771
0.546,0.771
0.546,0.77
0.546,0.77
0.546,0.769
0.546,0.768
0.545,0.768
0.545,0.767
0.545,0.766
0.544,0.765
0.544,0.764
0.543,0.763
# Event BURNOUT occurred at t=3.902 seconds,
# Event EJECTION_CHARGE occurred at t=3.904 seconds,
0.543,0.763
0.543,0.762
0.543,0.762
0.543,0.761
0.542,0.761
0.542,0.759
0.541,0.757
0.54,0.754
0.539,0.751
0.537,0.747
0.536,0.744
0.535,0.741
0.534,0.737
0.533,0.734
0.532,0.73
0.53,0.727
0.529,0.724
0.528,0.721
0.527,0.717
0.526,0.714
0.525,0.711
0.524,0.708
0.523,0.705
0.522,0.702
0.521,0.699
0.52,0.696
0.519,0.692
0.518,0.689
0.518,0.686
0.517,0.683
0.516,0.68
0.515,0.677
0.514,0.675
0.513,0.672
0.513,0.669
0.512,0.666
0.511,0.663
0.51,0.66
0.509,0.657
0.509,0.654
0.508,0.652
0.507,0.649
0.507,0.646
0.506,0.643
0.505,0.64
0.504,0.638
0.504,0.635
0.503,0.632
0.502,0.63
0.502,0.627
0.501,0.624
0.501,0.622
0.5,0.619
0.499,0.616
0.499,0.614
0.498,0.611
0.497,0.608
0.497,0.606
0.496,0.603
0.496,0.601
0.495,0.598
0.495,0.596
0.494,0.593
0.494,0.591
0.493,0.588
0.492,0.586
0.492,0.583
0.491,0.581
0.491,0.578
0.49,0.576
0.49,0.573
0.489,0.571
0.489,0.568
0.488,0.566
0.488,0.564
0.487,0.561
0.487,0.559
0.486,0.556
0.486,0.554
0.486,0.552
0.485,0.549
0.485,0.547
0.484,0.545
0.484,0.542
0.483,0.54
0.483,0.538
0.482,0.536
0.482,0.533
0.482,0.531
0.481,0.529
0.481,0.527
0.48,0.524
0.48,0.522
0.48,0.52
0.479,0.518
0.479,0.515
0.478,0.513
0.478,0.511
0.478,0.509
0.477,0.507
0.477,0.504
0.477,0.502
0.476,0.5
0.476,0.498
0.475,0.496
0.475,0.494
0.475,0.491
0.474,0.489
0.474,0.487
0.474,0.485
0.473,0.483
0.473,0.481
0.473,0.479
0.472,0.477
0.472,0.475
0.472,0.473
0.471,0.47
0.471,0.468
0.471,0.466
0.471,0.464
0.47,0.462
0.47,0.46
0.47,0.458
0.469,0.456
0.469,0.454
0.469,0.452
0.468,0.45
0.468,0.448
0.468,0.446
0.468,0.444
0.467,0.442
0.467,0.44
0.467,0.438
0.466,0.436
0.466,0.434
0.466,0.432
0.466,0.43
0.465,0.428
0.465,0.426
0.465,0.424
0.465,0.423
0.464,0.421
0.464,0.419
0.464,0.417
0.463,0.415
0.463,0.413
0.463,0.411
0.463,0.409
0.462,0.407
0.462,0.405
0.462,0.403
0.462,0.401
0.462,0.4
0.461,0.398
0.461,0.396
0.461,0.394
0.461,0.392
0.46,0.39
0.46,0.388
0.46,0.387
0.46,0.385
0.459,0.383
0.459,0.381
0.459,0.379
0.459,0.377
0.459,0.375
0.458,0.374
0.458,0.372
0.458,0.37
0.458,0.368
0.458,0.366
0.457,0.365
0.457,0.363
0.457,0.361
0.457,0.359
0.457,0.357
0.456,0.356
0.456,0.354
0.456,0.352
0.456,0.35
0.456,0.348
0.455,0.347
0.455,0.345
0.455,0.343
0.455,0.341
0.455,0.34
0.454,0.338
0.454,0.336
0.454,0.334
0.454,0.333
0.454,0.331
0.454,0.329
0.453,0.327
0.453,0.326
0.453,0.324
0.453,0.322
0.453,0.32
0.453,0.319
0.452,0.317
0.452,0.315
0.452,0.314
0.452,0.312
0.452,0.31
0.452,0.308
0.451,0.307
0.451,0.305
0.451,0.303
0.451,0.302
0.451,0.3
0.451,0.298
0.45,0.297
0.45,0.295
0.45,0.293
0.45,0.291
0.45,0.29
0.45,0.288
0.45,0.286
0.449,0.285
0.449,0.283
0.449,0.281
0.449,0.28
0.449,0.278
0.449,0.276
0.449,0.275
0.448,0.273
0.448,0.271
0.448,0.27
0.448,0.268
0.448,0.267
0.448,0.265
0.448,0.263
0.448,0.262
0.447,0.26
0.447,0.258
0.447,0.257
0.447,0.255
0.447,0.253
0.447,0.252
0.447,0.25
0.447,0.249
0.446,0.247
0.446,0.245
0.446,0.244
0.446,0.242
0.446,0.24
0.446,0.239
0.446,0.237
0.446,0.236
0.445,0.234
0.445,0.232
0.445,0.231
0.445,0.229
0.445,0.228
0.445,0.226
0.445,0.224
0.445,0.223
0.445,0.221
0.445,0.22
0.444,0.218
0.444,0.216
0.444,0.215
0.444,0.213
0.444,0.212
0.444,0.21
0.444,0.208
0.444,0.207
0.444,0.205
0.444,0.204
0.443,0.202
0.443,0.201
0.443,0.199
0.443,0.197
0.443,0.196
0.443,0.194
0.443,0.193
0.443,0.191
0.443,0.19
0.443,0.188
0.443,0.186
0.442,0.185
0.442,0.183
0.442,0.182
0.442,0.18
0.442,0.179
0.442,0.177
0.442,0.176
0.442,0.174
0.442,0.172
0.442,0.171
0.442,0.169
0.442,0.168
0.441,0.166
0.441,0.165
0.441,0.163
0.441,0.162
0.441,0.16
0.441,0.159
0.441,0.157
0.441,0.155
0.441,0.154
0.441,0.152
0.441,0.151
0.441,0.149
0.441,0.148
0.441,0.146
0.441,0.145
0.44,0.143
0.44,0.142
0.44,0.14
0.44,0.139
0.44,0.137
0.44,0.136
0.44,0.134
0.44,0.133
0.44,0.131
0.44,0.129
0.44,0.128
0.44,0.126
0.44,0.125
0.44,0.123
0.44,0.122
0.44,0.12
0.44,0.119
0.439,0.117
0.439,0.116
0.439,0.114
0.439,0.113
0.439,0.111
0.439,0.11
0.439,0.108
0.439,0.107
0.439,0.105
0.439,0.104
0.439,0.102
0.439,0.101
0.439,0.099
0.439,0.098
0.439,0.096
0.439,0.095
0.439,0.093
0.439,0.092
0.439,0.09
0.439,0.089
0.439,0.087
0.439,0.086
0.439,0.084
0.438,0.083
0.438,0.081
0.438,0.08
0.438,0.078
0.438,0.077
0.438,0.075
0.438,0.074
0.438,0.072
0.438,0.071
0.438,0.069
0.438,0.068
0.438,0.066
0.438,0.065
0.438,0.063
0.438,0.062
0.438,0.06
0.438,0.059
0.438,0.057
0.438,0.056
0.438,0.054
0.438,0.053
0.438,0.051
0.438,0.05
0.438,0.048
0.439,0.047
0.44,0.045
0.442,0.044
0.444,0.042
0.446,0.041
0.449,0.039
0.451,0.038
0.453,0.036
0.456,0.035
0.459,0.033
0.462,0.032
0.465,0.03
0.468,0.029
0.471,0.027
0.475,0.026
0.479,0.024
0.484,0.023
0.488,0.021
0.493,0.02
0.499,0.018
0.506,0.017
0.513,0.016
0.521,0.014
0.53,0.013
0.541,0.011
0.553,0.01
0.569,0.008
0.589,0.007
0.616,0.005
0.655,0.004
0.72,0.002
0.842,0.001
# Event APOGEE occurred at t=23.775 seconds,
0.82,0.001
0.707,0.003
0.648,0.004
0.611,0.005
0.586,0.007
0.567,0.008
0.551,0.01
0.539,0.011
0.528,0.013
0.519,0.014
0.512,0.016
0.505,0.017
0.498,0.019
0.493,0.02
0.488,0.022
0.483,0.023
0.479,0.025
0.475,0.026
0.471,0.028
0.468,0.029
0.464,0.031
0.461,0.032
0.458,0.034
0.456,0.035
0.453,0.036
0.451,0.038
0.448,0.039
0.446,0.041
0.444,0.042
0.442,0.044
0.44,0.045
0.438,0.047
0.438,0.048
0.438,0.05
0.438,0.051
0.438,0.053
0.438,0.054
0.438,0.056
0.438,0.057
0.438,0.058
0.438,0.06
0.438,0.061
0.438,0.063
0.438,0.064
0.438,0.066
0.438,0.067
0.438,0.068
0.438,0.07
0.438,0.071
0.438,0.072
0.438,0.074
0.438,0.075
0.438,0.076
0.438,0.077
0.438,0.079
0.438,0.08
0.438,0.081
0.438,0.082
0.438,0.084
0.439,0.085
0.439,0.086
0.439,0.087
0.439,0.088
0.439,0.09
0.439,0.091
0.439,0.092
0.439,0.093
0.439,0.094
0.439,0.096
0.439,0.097
0.439,0.098
0.439,0.099
0.439,0.101
0.439,0.102
0.439,0.103
0.439,0.105
0.439,0.106
0.439,0.107
0.439,0.108
0.439,0.11
0.439,0.111
0.439,0.112
0.439,0.113
0.439,0.115
0.439,0.116
0.439,0.117
0.439,0.118
0.44,0.119
0.44,0.12
0.44,0.121
0.44,0.122
0.44,0.123
0.44,0.124
0.44,0.125
0.44,0.126
0.44,0.127
0.44,0.128
0.44,0.129
0.44,0.13
0.44,0.131
0.44,0.132
0.44,0.133
0.44,0.134
0.44,0.135
0.44,0.136
0.44,0.137
0.44,0.138
0.44,0.139
0.44,0.14
0.44,0.141
0.44,0.142
0.44,0.143
0.44,0.144
0.441,0.145
0.441,0.146
0.441,0.147
0.441,0.148
0.441,0.149
0.441,0.15
0.441,0.15
0.441,0.151
0.441,0.152
0.441,0.153
0.441,0.153
0.441,0.154
0.441,0.155
0.441,0.156
0.441,0.156
0.441,0.157
0.441,0.158
0.441,0.159
0.441,0.159
0.441,0.16
0.441,0.161
0.441,0.162
0.441,0.163
0.441,0.163
0.441,0.164
0.441,0.165
0.441,0.166
0.442,0.166
0.442,0.167
0.442,0.168
0.442,0.168
0.442,0.169
0.442,0.17
0.442,0.17
0.442,0.171
0.442,0.171
0.442,0.172
0.442,0.172
0.442,0.173
0.442,0.173
0.442,0.174
0.442,0.175
0.442,0.175
0.442,0.176
0.442,0.176
0.442,0.177
0.442,0.178
0.442,0.178
0.442,0.179
0.442,0.179
0.442,0.18
0.442,0.18
0.442,0.181
0.442,0.181
0.442,0.182
0.442,0.182
0.442,0.182
0.442,0.183
0.442,0.183
0.442,0.184
0.442,0.184
0.442,0.184
0.442,0.185
0.442,0.185
0.443,0.186
0.443,0.186
0.443,0.187
0.443,0.187
0.443,0.187
0.443,0.188
0.443,0.188
0.443,0.189
0.443,0.189
0.443,0.189
0.443,0.189
0.443,0.19
0.443,0.19
0.443,0.19
0.443,0.19
0.443,0.191
0.443,0.191
0.443,0.191
0.443,0.192
0.443,0.192
0.443,0.192
0.443,0.192
0.443,0.193
0.443,0.193
0.443,0.193
0.443,0.194
0.443,0.194
0.443,0.194
0.443,0.194
0.443,0.194
0.443,0.195
0.443,0.195
0.443,0.195
0.443,0.195
0.443,0.195
0.443,0.195
0.443,0.195
0.443,0.196
0.443,0.196
0.443,0.196
0.443,0.196
0.443,0.196
0.443,0.196
0.443,0.196
0.443,0.197
0.443,0.197
0.443,0.197
0.443,0.197
0.443,0.197
0.443,0.197
0.443,0.197
0.443,0.197
0.443,0.197
0.443,0.197
0.443,0.197
0.443,0.197
0.443,0.197
0.443,0.198
0.443,0.198
0.443,0.198
0.443,0.198
0.443,0.198
0.443,0.198
0.443,0.198
0.443,0.198
0.443,0.198
0.443,0.198
0.443,0.198
0.443,0.198
0.443,0.198
0.443,0.198
0.443,0.198
0.443,0.198
0.443,0.198
0.443,0.198
0.443,0.198
0.443,0.198
0.443,0.198
0.443,0.198
0.443,0.198
0.443,0.198
0.443,0.198
0.443,0.198
0.443,0.198
0.443,0.197
0.443,0.197
0.443,0.197
0.443,0.197
0.443,0.197
0.443,0.197
0.443,0.197
0.443,0.197
0.443,0.197
0.443,0.197
0.443,0.197
0.443,0.197
0.443,0.197
0.443,0.196
0.443,0.196
0.443,0.196
0.443,0.196
0.443,0.196
0.443,0.196
0.443,0.196
0.443,0.196
0.443,0.196
0.443,0.196
0.443,0.195
0.443,0.195
0.443,0.195
0.443,0.195
0.443,0.195
0.443,0.195
0.443,0.195
0.443,0.194
0.443,0.194
0.443,0.194
0.443,0.194
0.443,0.194
0.443,0.194
0.443,0.194
0.443,0.193
0.443,0.193
0.443,0.193
0.443,0.193
0.443,0.193
0.443,0.193
0.443,0.193
0.443,0.192
0.443,0.192
0.443,0.192
0.443,0.192
0.443,0.192
0.443,0.192
0.443,0.191
0.443,0.191
0.443,0.191
0.443,0.191
0.443,0.191
0.443,0.191
0.443,0.19
0.443,0.19
0.443,0.19
0.443,0.19
0.443,0.19
0.443,0.19
0.443,0.189
0.443,0.189
0.443,0.189
0.443,0.189
0.443,0.189
0.443,0.188
0.443,0.188
0.443,0.188
0.443,0.188
0.443,0.188
0.443,0.187
0.443,0.187
0.443,0.187
0.443,0.187
0.443,0.187
0.443,0.187
0.443,0.186
0.443,0.186
0.443,0.186
0.443,0.186
0.442,0.186
0.442,0.185
0.442,0.185
0.442,0.185
0.442,0.185
0.442,0.185
0.442,0.184
0.442,0.184
0.442,0.184
0.442,0.184
0.442,0.184
0.442,0.183
0.442,0.183
0.442,0.183
0.442,0.183
0.442,0.183
0.442,0.182
0.442,0.182
0.442,0.182
0.442,0.182
0.442,0.182
0.442,0.182
0.442,0.181
0.442,0.181
0.442,0.181
0.442,0.181
0.442,0.181
0.442,0.18
0.442,0.18
0.442,0.18
0.442,0.18
0.442,0.18
0.442,0.179
0.442,0.179
0.442,0.179
0.442,0.179
0.442,0.179
0.442,0.178
0.442,0.178
0.442,0.178
0.442,0.178
0.442,0.178
0.442,0.178
0.442,0.177
0.442,0.177
0.442,0.177
0.442,0.177
0.442,0.177
0.442,0.176
0.442,0.176
0.442,0.176
0.442,0.176
0.442,0.176
0.442,0.176
0.442,0.175
0.442,0.175
0.442,0.175
0.442,0.175
0.442,0.175
0.442,0.175
0.442,0.174
0.442,0.174
0.442,0.174
0.442,0.174
0.442,0.174
0.442,0.174
0.442,0.173
0.442,0.173
0.442,0.173
0.442,0.173
0.442,0.173
0.442,0.173
0.442,0.172
0.442,0.172
0.442,0.172
0.442,0.172
0.442,0.172
0.442,0.172
0.442,0.171
0.442,0.171
0.442,0.171
0.442,0.171
0.442,0.171
0.442,0.171
0.442,0.171
0.442,0.17
0.442,0.17
0.442,0.17
0.442,0.17
0.442,0.17
0.442,0.17
0.442,0.17
0.442,0.169
0.442,0.169
0.442,0.169
0.442,0.169
0.442,0.169
0.442,0.169
0.442,0.169
0.442,0.169
0.442,0.168
0.442,0.168
0.442,0.168
0.442,0.168
0.442,0.168
0.442,0.168
0.442,0.168
0.442,0.168
0.442,0.167
0.442,0.167
0.442,0.167
0.442,0.167
0.442,0.167
0.442,0.167
0.442,0.167
0.442,0.167
0.442,0.166
0.442,0.166
0.441,0.166
0.441,0.166
0.441,0.166
0.441,0.166
0.441,0.166
0.441,0.166
0.441,0.166
0.441,0.166
0.441,0.165
0.441,0.165
0.441,0.165
0.441,0.165
0.441,0.165
0.441,0.165
0.441,0.165
0.441,0.165
0.441,0.165
0.441,0.165
0.441,0.164
0.441,0.164
0.441,0.164
0.441,0.164
0.441,0.164
0.441,0.164
0.441,0.164
0.441,0.164
0.441,0.164
0.441,0.164
0.441,0.164
0.441,0.164
0.441,0.164
0.441,0.163
0.441,0.163
0.441,0.163
0.441,0.163
0.441,0.163
0.441,0.163
0.441,0.163
0.441,0.163
0.441,0.163
0.441,0.163
0.441,0.163
0.441,0.163
0.441,0.163
0.441,0.163
0.441,0.163
0.441,0.162
0.441,0.162
0.441,0.162
0.441,0.162
0.441,0.162
0.441,0.162
0.441,0.162
0.441,0.162
0.441,0.162
0.441,0.162
0.441,0.162
0.441,0.162
0.441,0.162
0.441,0.162
0.441,0.162
0.441,0.162
0.441,0.162
0.441,0.162
0.441,0.162
0.441,0.162
0.441,0.162
0.441,0.161
0.441,0.161
0.441,0.161
0.441,0.161
0.441,0.161
0.441,0.161
0.441,0.161
0.441,0.161
0.441,0.161
0.441,0.161
0.441,0.161
0.441,0.161
0.441,0.161
0.441,0.161
0.441,0.161
0.441,0.161
0.441,0.161
0.441,0.161
0.441,0.161
0.441,0.161
0.441,0.161
0.441,0.161
0.441,0.161
0.441,0.161
0.441,0.161
0.441,0.161
0.441,0.161
0.441,0.161
0.441,0.161
0.441,0.161
0.441,0.161
0.441,0.161
0.441,0.161
0.441,0.161
0.441,0.161
0.441,0.161
0.441,0.161
0.441,0.161
0.441,0.161
0.441,0.161
0.441,0.161
0.441,0.161
0.441,0.161
0.441,0.161
0.441,0.16
0.441,0.16
0.441,0.16
0.441,0.16
0.441,0.16
0.441,0.16
0.441,0.16
0.441,0.16
0.441,0.16
0.441,0.16
0.441,0.16
0.441,0.16
0.441,0.16
0.441,0.16
0.441,0.16
0.441,0.16
0.441,0.16
0.441,0.16
0.441,0.16
0.441,0.16
0.441,0.16
0.441,0.16
0.441,0.16
0.441,0.16
0.441,0.16
0.441,0.16
0.441,0.16
0.441,0.16
0.441,0.16
0.441,0.16
0.441,0.16
0.441,0.16
0.441,0.16
0.441,0.16
0.441,0.16
0.441,0.16
0.441,0.16
0.441,0.16
0.441,0.16
0.441,0.16
0.441,0.16
0.441,0.16
0.441,0.16
0.441,0.16
0.441,0.16
0.441,0.16
0.441,0.161
0.441,0.161
0.441,0.161
0.441,0.161
0.441,0.161
0.441,0.161
0.441,0.161
0.441,0.161
0.441,0.161
0.441,0.161
0.441,0.161
0.441,0.161
0.441,0.161
0.441,0.161
0.441,0.161
0.441,0.161
0.441,0.161
0.441,0.161
0.441,0.161
0.441,0.161
0.441,0.161
0.441,0.161
0.441,0.161
0.441,0.161
0.441,0.161
0.441,0.161
0.441,0.161
0.441,0.161
0.441,0.161
0.441,0.161
0.441,0.161
0.441,0.161
0.441,0.161
0.441,0.161
0.441,0.161
0.441,0.161
0.441,0.161
0.441,0.161
0.441,0.161
0.441,0.161
0.441,0.161
0.441,0.161
0.441,0.161
0.441,0.161
0.441,0.161
0.441,0.161
0.441,0.161
0.441,0.161
0.441,0.161
0.441,0.161
0.441,0.161
0.441,0.161
0.441,0.161
0.441,0.161
0.441,0.161
0.441,0.161
0.441,0.161
0.441,0.161
0.441,0.161
0.441,0.161
0.441,0.161
0.441,0.161
0.441,0.161
0.441,0.161
0.441,0.161
0.441,0.161
0.441,0.161
0.441,0.161
0.441,0.161
0.441,0.161
0.441,0.161
0.441,0.161
0.441,0.161
0.441,0.161
0.441,0.161
0.441,0.161
0.441,0.161
0.441,0.161
0.441,0.161
0.441,0.161
0.441,0.161
0.441,0.161
0.441,0.161
0.441,0.161
0.441,0.161
0.441,0.161
0.441,0.161
0.441,0.161
0.441,0.161
0.441,0.161
0.441,0.161
0.441,0.161
0.441,0.161
0.441,0.161
0.441,0.161
0.441,0.161
0.441,0.161
0.441,0.161
0.441,0.161
0.441,0.161
0.441,0.161
0.441,0.161
0.441,0.161
0.441,0.161
0.441,0.161
0.441,0.161
0.441,0.161
0.441,0.161
0.441,0.161
0.441,0.161
0.441,0.161
0.441,0.161
0.441,0.161
0.441,0.161
0.441,0.161
0.441,0.161
0.441,0.161
0.441,0.161
0.441,0.161
0.441,0.161
0.441,0.161
0.441,0.161
0.441,0.161
0.441,0.161
0.441,0.161
0.441,0.161
0.441,0.161
0.441,0.161
0.441,0.161
0.441,0.161
0.441,0.161
0.441,0.161
0.441,0.161
0.441,0.161
0.441,0.161
0.441,0.161
0.441,0.161
0.441,0.161
0.441,0.161
0.441,0.161
0.441,0.161
0.441,0.161
0.441,0.161
0.441,0.161
0.441,0.161
0.441,0.161
0.441,0.161
0.441,0.161
0.441,0.161
0.441,0.161
0.441,0.161
0.441,0.161
0.441,0.161
0.441,0.161
0.441,0.161
0.441,0.161
0.441,0.161
0.441,0.161
0.441,0.161
0.441,0.161
0.441,0.161
0.441,0.161
0.441,0.161
0.441,0.161
0.441,0.161
0.441,0.161
0.441,0.161
0.441,0.161
0.441,0.161
0.441,0.161
0.441,0.161
0.441,0.161
0.441,0.161
0.441,0.161
0.441,0.161
0.441,0.161
0.441,0.161
0.441,0.161
0.441,0.161
0.441,0.161
0.441,0.161
0.441,0.161
0.441,0.161
0.441,0.161
0.441,0.161
0.441,0.161
0.441,0.161
0.441,0.161
0.441,0.161
0.441,0.161
0.441,0.161
0.441,0.161
0.441,0.161
0.441,0.161
0.441,0.161
0.441,0.161
0.441,0.161
0.441,0.161
0.441,0.161
0.441,0.161
0.441,0.161
0.441,0.161
0.441,0.161
0.441,0.161
0.441,0.161
0.441,0.161
0.441,0.161
0.441,0.161
0.441,0.161
0.441,0.161
0.441,0.161
0.441,0.161
0.441,0.161
0.441,0.161
0.441,0.161
0.441,0.161
0.441,0.161
0.441,0.161
0.441,0.161
0.441,0.161
0.441,0.161
0.441,0.161
0.441,0.161
0.441,0.161
0.441,0.161
0.441,0.161
0.441,0.161
0.441,0.161
0.441,0.161
0.441,0.161
0.441,0.161
0.441,0.161
0.441,0.161
0.441,0.161
0.441,0.161
0.441,0.161
0.441,0.161
0.441,0.16
0.441,0.16
0.441,0.16
0.441,0.16
0.441,0.16
0.441,0.16
0.441,0.16
0.441,0.16
0.441,0.16
0.441,0.16
0.441,0.16
0.441,0.16
0.441,0.16
0.441,0.16
0.441,0.16
0.441,0.16
0.441,0.16
0.441,0.16
0.441,0.16
0.441,0.16
0.441,0.16
0.441,0.16
0.441,0.16
0.441,0.16
0.441,0.16
0.441,0.16
0.441,0.16
0.441,0.16
0.441,0.16
0.441,0.16
0.441,0.16
0.441,0.16
0.441,0.16
0.441,0.16
0.441,0.16
0.441,0.16
0.441,0.16
0.441,0.16
0.441,0.16
0.441,0.16
0.441,0.16
0.441,0.16
0.441,0.16
0.441,0.16
0.441,0.16
0.441,0.16
0.441,0.16
0.441,0.16
0.441,0.16
0.441,0.16
0.441,0.16
0.441,0.16
0.441,0.16
0.441,0.16
0.441,0.16
0.441,0.16
0.441,0.16
0.441,0.16
0.441,0.16
0.441,0.16
0.441,0.16
0.441,0.16
0.441,0.16
0.441,0.16
0.441,0.16
0.441,0.16
0.441,0.159
0.441,0.159
0.441,0.159
0.441,0.159
0.441,0.159
0.441,0.159
0.441,0.159
0.441,0.159
0.441,0.159
0.441,0.159
0.441,0.159
0.441,0.159
0.441,0.159
0.441,0.159
0.441,0.159
0.441,0.159
0.441,0.159
0.441,0.159
0.441,0.159
0.441,0.159
0.441,0.159
0.441,0.159
0.441,0.159
0.441,0.159
0.441,0.159
0.441,0.159
0.441,0.159
0.441,0.159
0.441,0.159
0.441,0.159
0.441,0.159
0.441,0.159
0.441,0.159
0.441,0.159
0.441,0.159
0.441,0.159
0.441,0.159
0.441,0.159
0.441,0.159
0.441,0.159
0.441,0.159
0.441,0.159
0.441,0.159
0.441,0.159
0.441,0.159
0.441,0.159
0.441,0.159
0.441,0.159
0.441,0.159
0.441,0.159
0.441,0.159
0.441,0.159
0.441,0.159
0.441,0.159
0.441,0.159
0.441,0.159
0.441,0.159
0.441,0.159
0.441,0.159
0.441,0.159
0.441,0.159
0.441,0.158
0.441,0.158
0.441,0.158
0.441,0.158
0.441,0.158
0.441,0.158
0.441,0.158
0.441,0.158
0.441,0.158
0.441,0.158
0.441,0.158
0.441,0.158
0.441,0.158
0.441,0.158
0.441,0.158
0.441,0.158
0.441,0.158
0.441,0.158
0.441,0.158
0.441,0.158
0.441,0.158
0.441,0.158
0.441,0.158
0.441,0.158
0.441,0.158
0.441,0.158
0.441,0.158
0.441,0.158
0.441,0.158
0.441,0.158
0.441,0.158
0.441,0.158
0.441,0.158
0.441,0.158
0.441,0.158
0.441,0.158
0.441,0.158
0.441,0.158
0.441,0.158
0.441,0.158
0.441,0.158
0.441,0.158
0.441,0.158
0.441,0.158
0.441,0.158
0.441,0.158
0.441,0.158
0.441,0.158
0.441,0.158
0.441,0.158
0.441,0.158
0.441,0.158
0.441,0.158
0.441,0.158
0.441,0.158
0.441,0.158
0.441,0.158
0.441,0.158
0.441,0.158
0.441,0.158
0.441,0.158
0.441,0.158
0.441,0.158
0.441,0.158
0.441,0.158
0.441,0.157
0.441,0.157
0.441,0.157
0.441,0.157
0.441,0.157
0.441,0.157
0.441,0.157
0.441,0.157
0.441,0.157
0.441,0.157
0.441,0.157
0.441,0.157
0.441,0.157
0.441,0.157
0.441,0.157
0.441,0.157
0.441,0.157
0.441,0.157
0.441,0.157
0.441,0.157
0.441,0.157
0.441,0.157
0.441,0.157
0.441,0.157
0.441,0.157
0.441,0.157
0.441,0.157
0.441,0.157
0.441,0.157
0.441,0.157
0.441,0.157
0.441,0.157
0.441,0.157
0.441,0.157
0.441,0.157
0.441,0.157
0.441,0.157
0.441,0.157
0.441,0.157
0.441,0.157
0.441,0.157
0.441,0.157
0.441,0.157
0.441,0.157
0.441,0.157
0.441,0.157
0.441,0.157
0.441,0.157
0.441,0.157
0.441,0.157
0.441,0.157
0.441,0.157
0.441,0.157
0.441,0.157
0.441,0.157
0.441,0.157
0.441,0.157
0.441,0.157
0.441,0.157
0.441,0.157
0.441,0.157
0.441,0.157
0.441,0.157
0.441,0.157
0.441,0.157
0.441,0.157
0.441,0.157
0.441,0.157
0.441,0.157
0.441,0.157
0.441,0.157
0.441,0.157
0.441,0.157
0.441,0.157
0.441,0.156
0.441,0.156
0.441,0.156
0.441,0.156
0.441,0.156
0.441,0.156
0.441,0.156
0.441,0.156
0.441,0.156
0.441,0.156
0.441,0.156
0.441,0.156
0.441,0.156
0.441,0.156
0.441,0.156
0.441,0.156
0.441,0.156
0.441,0.156
0.441,0.156
0.441,0.156
0.441,0.156
0.441,0.156
0.441,0.156
0.441,0.156
0.441,0.156
0.441,0.156
0.441,0.156
0.441,0.156
0.441,0.156
0.441,0.156
0.441,0.156
0.441,0.156
0.441,0.156
0.441,0.156
0.441,0.156
0.441,0.156
0.441,0.156
0.441,0.156
0.441,0.156
0.441,0.156
0.441,0.156
0.441,0.156
0.441,0.156
0.441,0.156
0.441,0.156
0.441,0.156
0.441,0.156
0.441,0.156
0.441,0.156
0.441,0.156
0.441,0.156
0.441,0.156
0.441,0.156
0.441,0.156
0.441,0.156
0.441,0.156
0.441,0.156
0.441,0.156
0.441,0.156
0.441,0.156
0.441,0.156
0.441,0.156
0.441,0.156
0.441,0.156
0.441,0.156
0.441,0.156
0.441,0.156
0.441,0.156
0.441,0.156
0.441,0.156
0.441,0.156
0.441,0.156
0.441,0.156
0.441,0.156
0.441,0.156
0.441,0.156
0.441,0.156
0.441,0.156
0.441,0.156
0.441,0.156
0.441,0.156
0.441,0.155
0.441,0.155
0.441,0.155
0.441,0.155
0.441,0.155
0.441,0.155
0.441,0.155
0.441,0.155
0.441,0.155
0.441,0.155
0.441,0.155
0.441,0.155
0.441,0.155
0.441,0.155
0.441,0.155
0.441,0.155
0.441,0.155
0.441,0.155
0.441,0.155
0.441,0.155
0.441,0.155
0.441,0.155
0.441,0.155
0.441,0.155
0.441,0.155
0.441,0.155
0.441,0.155
0.441,0.155
0.441,0.155
0.441,0.155
0.441,0.155
0.441,0.155
0.441,0.155
0.441,0.155
0.441,0.155
0.441,0.155
0.441,0.155
0.441,0.155
0.441,0.155
0.441,0.155
0.441,0.155
0.441,0.155
0.441,0.155
0.441,0.155
0.441,0.155
0.441,0.155
0.441,0.155
0.441,0.155
0.441,0.155
0.441,0.155
0.441,0.155
0.441,0.155
0.441,0.155
0.441,0.155
0.441,0.155
0.441,0.155
0.441,0.155
0.441,0.155
0.441,0.155
0.441,0.155
0.441,0.155
0.441,0.155
0.441,0.155
0.441,0.155
0.441,0.155
0.441,0.155
0.441,0.155
0.441,0.155
0.441,0.155
0.441,0.155
0.441,0.155
0.441,0.155
0.441,0.155
0.441,0.155
0.441,0.155
0.441,0.155
0.441,0.155
0.441,0.155
0.441,0.155
0.441,0.155
0.441,0.155
0.441,0.155
0.441,0.155
0.441,0.155
0.441,0.154
0.441,0.154
0.441,0.154
0.441,0.154
0.441,0.154
0.441,0.154
0.441,0.154
0.441,0.154
0.441,0.154
0.441,0.154
0.441,0.154
0.441,0.154
0.441,0.154
0.441,0.154
0.441,0.154
0.441,0.154
0.441,0.154
0.441,0.154
0.441,0.154
0.441,0.154
0.441,0.154
0.441,0.154
0.441,0.154
0.441,0.154
0.441,0.154
0.441,0.154
0.441,0.154
0.441,0.154
0.441,0.154
0.441,0.154
0.441,0.154
0.441,0.154
0.441,0.154
0.441,0.154
0.441,0.154
0.441,0.154
0.441,0.154
0.441,0.154
0.441,0.154
0.441,0.154
0.441,0.154
0.441,0.154
0.441,0.154
0.441,0.154
0.441,0.154
0.441,0.154
0.441,0.154
0.441,0.154
0.441,0.154
0.441,0.154
0.441,0.154
0.441,0.154
0.441,0.154
0.441,0.154
0.441,0.154
0.441,0.154
0.441,0.154
0.441,0.154
0.441,0.154
0.441,0.154
0.441,0.154
0.441,0.154
0.441,0.154
0.441,0.154
0.441,0.154
0.441,0.154
0.441,0.154
0.441,0.154
0.441,0.154
0.441,0.154
0.441,0.154
0.441,0.154
0.441,0.154
0.441,0.154
0.441,0.154
0.441,0.154
0.441,0.154
0.441,0.154
0.441,0.154
0.441,0.154
0.441,0.154
0.441,0.154
0.441,0.153
0.441,0.153
0.441,0.153
0.441,0.153
0.441,0.153
0.441,0.153
0.441,0.153
0.441,0.153
0.441,0.153
0.441,0.153
0.441,0.153
0.441,0.153
0.441,0.153
0.441,0.153
0.441,0.153
0.441,0.153
0.441,0.153
0.441,0.153
0.441,0.153
0.441,0.153
0.441,0.153
0.441,0.153
0.441,0.153
0.441,0.153
0.441,0.153
0.441,0.153
0.441,0.153
0.441,0.153
0.441,0.153
0.441,0.153
0.441,0.153
0.441,0.153
0.441,0.153
0.441,0.153
0.441,0.153
0.441,0.153
0.441,0.153
0.441,0.153
0.441,0.153
0.441,0.153
0.441,0.153
0.441,0.153
0.441,0.153
0.441,0.153
0.441,0.153
0.441,0.153
0.441,0.153
0.441,0.153
0.441,0.153
0.441,0.153
0.441,0.153
0.441,0.153
0.441,0.153
0.441,0.153
0.441,0.153
0.441,0.153
0.441,0.153
0.441,0.153
0.441,0.153
0.441,0.153
0.441,0.153
0.441,0.153
0.441,0.153
0.441,0.153
0.441,0.153
0.441,0.153
0.441,0.153
0.441,0.153
0.441,0.153
0.441,0.153
0.441,0.153
0.441,0.153
0.441,0.153
0.441,0.153
0.441,0.153
0.441,0.153
0.441,0.153
0.441,0.153
0.441,0.153
0.441,0.153
0.441,0.153
0.441,0.152
0.441,0.152
0.441,0.152
0.441,0.152
0.441,0.152
0.441,0.152
0.441,0.152
0.441,0.152
0.441,0.152
0.441,0.152
0.441,0.152
0.441,0.152
0.441,0.152
0.441,0.152
0.441,0.152
0.441,0.152
0.441,0.152
0.441,0.152
0.441,0.152
0.441,0.152
0.441,0.152
0.441,0.152
0.441,0.152
0.441,0.152
0.441,0.152
0.441,0.152
0.441,0.152
0.441,0.152
0.441,0.152
0.441,0.152
0.441,0.152
0.441,0.152
0.441,0.152
0.441,0.152
0.441,0.152
0.441,0.152
0.441,0.152
0.441,0.152
0.441,0.152
0.441,0.152
0.441,0.152
0.441,0.152
0.441,0.152
0.441,0.152
0.441,0.152
0.441,0.152
0.441,0.152
0.441,0.152
0.441,0.152
0.441,0.152
0.441,0.152
0.441,0.152
0.441,0.152
0.441,0.152
0.441,0.152
0.441,0.152
0.441,0.152
0.441,0.152
0.441,0.152
0.441,0.152
0.441,0.152
0.441,0.152
0.441,0.152
0.441,0.152
0.441,0.152
0.441,0.152
0.441,0.152
0.441,0.152
0.441,0.152
0.441,0.152
0.441,0.152
0.441,0.152
0.441,0.152
0.441,0.152
0.441,0.152
0.441,0.152
0.441,0.152
0.441,0.152
0.441,0.152
0.441,0.152
0.441,0.152
0.441,0.152
0.441,0.152
0.441,0.151
0.441,0.151
0.441,0.151
0.441,0.151
0.441,0.151
0.441,0.151
0.441,0.151
0.441,0.151
0.441,0.151
0.441,0.151
0.441,0.151
0.441,0.151
0.441,0.151
0.441,0.151
0.441,0.151
0.441,0.151
0.441,0.151
0.441,0.151
0.441,0.151
0.441,0.151
0.441,0.151
0.441,0.151
0.441,0.151
0.441,0.151
0.441,0.151
0.441,0.151
0.441,0.151
0.441,0.151
0.441,0.151
0.441,0.151
0.441,0.151
0.441,0.151
0.441,0.151
0.441,0.151
0.441,0.151
0.441,0.151
0.441,0.151
0.441,0.151
0.441,0.151
0.441,0.151
0.441,0.151
0.441,0.151
0.441,0.151
0.441,0.151
0.441,0.151
0.441,0.151
0.441,0.151
0.441,0.151
0.441,0.151
0.441,0.151
0.441,0.151
0.441,0.151
0.441,0.151
0.441,0.151
0.441,0.151
0.441,0.151
0.441,0.151
0.441,0.151
0.441,0.151
0.441,0.151
0.441,0.151
0.441,0.151
0.441,0.151
0.441,0.151
0.441,0.151
0.441,0.151
0.441,0.151
0.441,0.151
0.441,0.151
0.441,0.151
0.441,0.151
0.441,0.151
0.441,0.151
0.441,0.151
0.441,0.151
0.441,0.151
0.441,0.151
0.441,0.151
0.441,0.151
0.441,0.151
0.441,0.151
0.441,0.151
0.441,0.151
0.441,0.151
0.441,0.151
0.441,0.151
0.441,0.15
0.441,0.15
0.441,0.15
0.441,0.15
0.441,0.15
0.441,0.15
0.441,0.15
0.441,0.15
0.441,0.15
0.441,0.15
0.441,0.15
0.441,0.15
0.441,0.15
0.441,0.15
0.441,0.15
0.441,0.15
0.441,0.15
0.441,0.15
0.441,0.15
0.441,0.15
0.441,0.15
0.441,0.15
0.441,0.15
0.441,0.15
0.441,0.15
0.441,0.15
0.441,0.15
0.441,0.15
0.441,0.15
0.441,0.15
0.441,0.15
0.441,0.15
0.441,0.15
0.441,0.15
0.441,0.15
0.441,0.15
0.441,0.15
0.441,0.15
0.441,0.15
0.441,0.15
0.441,0.15
0.441,0.15
0.441,0.15
0.441,0.15
0.441,0.15
0.441,0.15
0.441,0.15
0.441,0.15
0.441,0.15
0.441,0.15
0.441,0.15
0.441,0.15
0.441,0.15
0.441,0.15
0.441,0.15
0.441,0.15
0.441,0.15
0.441,0.15
0.441,0.15
0.441,0.15
0.441,0.15
0.441,0.15
0.441,0.15
0.441,0.15
0.441,0.15
0.441,0.15
0.441,0.15
0.441,0.15
0.441,0.15
0.441,0.15
0.441,0.15
0.441,0.15
0.441,0.15
0.441,0.15
0.441,0.15
0.441,0.15
0.441,0.15
0.441,0.15
0.441,0.15
0.441,0.15
0.441,0.15
0.441,0.15
0.441,0.15
0.441,0.15
0.441,0.15
0.441,0.15
0.441,0.149
0.441,0.149
0.441,0.149
0.441,0.149
0.441,0.149
0.441,0.149
0.441,0.149
0.441,0.149
0.441,0.149
0.441,0.149
0.441,0.149
0.441,0.149
0.441,0.149
0.441,0.149
0.441,0.149
0.441,0.149
0.441,0.149
0.441,0.149
0.441,0.149
0.441,0.149
0.441,0.149
0.441,0.149
0.441,0.149
0.441,0.149
0.441,0.149
0.441,0.149
0.441,0.149
0.441,0.149
0.441,0.149
0.441,0.149
0.441,0.149
0.441,0.149
0.441,0.149
0.441,0.149
0.441,0.149
0.441,0.149
0.441,0.149
0.441,0.149
0.441,0.149
0.441,0.149
0.441,0.149
0.441,0.149
0.441,0.149
0.441,0.149
0.441,0.149
0.441,0.149
0.441,0.149
0.441,0.149
0.441,0.149
0.441,0.149
0.441,0.149
0.441,0.149
0.441,0.149
0.441,0.149
0.441,0.149
0.441,0.149
0.441,0.149
0.441,0.149
0.441,0.149
0.441,0.149
0.441,0.149
0.441,0.149
0.441,0.149
0.441,0.149
0.441,0.149
0.441,0.149
0.441,0.149
0.441,0.149
0.441,0.149
0.441,0.149
0.441,0.149
0.441,0.149
0.441,0.149
0.441,0.149
0.441,0.149
0.441,0.149
0.441,0.149
0.441,0.149
0.441,0.149
0.441,0.149
0.441,0.149
0.441,0.149
0.441,0.149
0.441,0.149
0.441,0.149
0.441,0.149
0.441,0.148
0.441,0.148
0.441,0.148
0.441,0.148
0.441,0.148
0.441,0.148
0.441,0.148
0.441,0.148
0.441,0.148
0.441,0.148
0.441,0.148
0.441,0.148
0.441,0.148
0.441,0.148
0.441,0.148
0.441,0.148
0.441,0.148
0.441,0.148
0.441,0.148
0.441,0.148
0.441,0.148
0.441,0.148
0.441,0.148
0.441,0.148
0.441,0.148
0.441,0.148
0.441,0.148
0.441,0.148
0.441,0.148
0.441,0.148
0.441,0.148
0.441,0.148
0.441,0.148
0.441,0.148
0.441,0.148
0.441,0.148
0.441,0.148
0.441,0.148
0.441,0.148
0.441,0.148
0.441,0.148
0.441,0.148
0.441,0.148
0.441,0.148
0.441,0.148
0.441,0.148
0.441,0.148
0.441,0.148
0.441,0.148
0.441,0.148
0.441,0.148
0.441,0.148
0.441,0.148
0.441,0.148
0.441,0.148
0.441,0.148
0.441,0.148
0.441,0.148
0.441,0.148
0.441,0.148
0.441,0.148
0.441,0.148
0.441,0.148
0.441,0.148
0.441,0.148
0.441,0.148
0.441,0.148
0.441,0.148
0.441,0.148
0.441,0.148
0.441,0.148
0.441,0.148
0.441,0.148
0.441,0.148
0.441,0.148
0.441,0.148
0.441,0.148
0.441,0.148
0.441,0.148
0.441,0.148
0.441,0.148
0.441,0.148
0.441,0.148
0.441,0.148
0.441,0.148
0.441,0.148
0.441,0.148
0.441,0.148
0.441,0.147
0.441,0.147
0.441,0.147
0.441,0.147
0.441,0.147
0.441,0.147
0.441,0.147
0.441,0.147
0.441,0.147
0.441,0.147
0.441,0.147
0.441,0.147
0.441,0.147
0.441,0.147
0.441,0.147
0.441,0.147
0.441,0.147
0.441,0.147
0.441,0.147
0.441,0.147
0.441,0.147
0.441,0.147
0.441,0.147
0.441,0.147
0.441,0.147
0.441,0.147
0.441,0.147
0.441,0.147
0.441,0.147
0.441,0.147
0.441,0.147
0.441,0.147
0.441,0.147
0.441,0.147
0.441,0.147
0.441,0.147
0.441,0.147
0.441,0.147
0.441,0.147
0.441,0.147
0.441,0.147
0.441,0.147
0.441,0.147
0.441,0.147
0.441,0.147
0.441,0.147
0.441,0.147
0.441,0.147
0.441,0.147
0.441,0.147
0.441,0.147
0.441,0.147
0.441,0.147
0.441,0.147
0.441,0.147
0.441,0.147
0.441,0.147
0.441,0.147
0.441,0.147
0.441,0.147
0.441,0.147
0.441,0.147
0.441,0.147
0.441,0.147
0.441,0.147
0.441,0.147
0.441,0.147
0.441,0.147
0.441,0.147
0.441,0.147
0.441,0.147
0.441,0.147
0.441,0.147
0.441,0.147
0.441,0.147
0.441,0.147
0.441,0.147
0.441,0.147
0.441,0.147
0.441,0.147
0.441,0.147
0.441,0.147
0.441,0.147
0.441,0.147
0.441,0.147
0.441,0.147
0.441,0.147
0.441,0.147
0.441,0.147
0.441,0.147
0.441,0.147
0.441,0.146
0.441,0.146
0.441,0.146
0.441,0.146
0.441,0.146
0.441,0.146
0.441,0.146
0.441,0.146
0.441,0.146
0.441,0.146
0.441,0.146
0.441,0.146
0.441,0.146
0.441,0.146
0.441,0.146
0.441,0.146
0.441,0.146
0.441,0.146
0.441,0.146
# Event GROUND_HIT occurred at t=123.175 seconds,
# Event SIMULATION_END occurred at t=123.175 seconds,
0.441,0.146